group,path,present,size_bytes,sha256,md5
controls,config/study_manifest.yaml,True,7845,43212b7e949fb36452d8c0ed47fe7e0d45a3d1ea7fb8c0e3992ee99ff4c77baa,d4542bd81ebd32118755097a2318d61c
controls,config/study_config.yaml,True,1759,b3ac18fe333cf16aab60a050479bde2200866a5338d7492d6e069186a65a1bd5,a5f85e76ac17481b88701df546bc0565
controls,config/tfl_output_catalog.yaml,True,10080,fe1b6089566e898e22eaa7999ccaadd1a96b17e913d54f1603d16e9b375fd712,ba2c1b3114acf0c065dd421567fc0411
controls,config/validation_strategy.yaml,True,10870,a674faa065a57e850c721cef1f080ebad326f781e297656252b1fa088b03dd0e,2e9b2cd0ee765dc81b05c89d3ebf4c03
controls,config/ctq_traceability.yaml,True,8113,dd59229577061957a974798410df38a77873f184d333e0e3fcd0a5e0403ddac4,1a14c19829e1942f8c2d48f1cce3b17c
controls,config/delivery_workstreams.yaml,True,8138,4cff071206f0a8f64d4827ebbdf5b1c4bff16d18c24aa9ce34d2448cef12cc8b,504d87a93934936dc1139b6047da7958
controls,config/evidence_layers.yaml,True,17257,4019290d779dd92e654e874105cb165856463d9c47c3f59835c8b28ec03e2fa4,5723fa1bf29bf21f4a3920e60ac6e76c
controls,config/metadata_lineage.yaml,True,13289,eff381340ec1117475b991fb8858dcca5bc8d9ef6a1c225b510817d7c53bbc3f,13480e73ed1eca40b8045f97cf9efc26
controls,config/log_cleanliness.yaml,True,3244,93154a26ab84e180adedf63a0c621c073a748c5ba042dabd282b506cbc583a7b,7252167d7b47ebe038fe614c0a60f202
controls,03_metadata/adam/ADaM_spec.xlsx,True,26629,f2fb0e50741235b394c7dd4f2dadbd397bcf849038397d07dec711f6bd72f924,8be28fddecbd7787921a03cf3937b978
controls,03_metadata/define/define.xml,True,102416,c360ff1ba4750110fd5b3eb23b9b3e93a9429139bde597ab1d2166eaf7079a27,611fca81cebf4b1444bccab669d287a4
controls,03_metadata/define/define_sdtm.xml,True,88503,1612babd4a985d93204b9f286eea62359771adf7b0a482da8dc4b544cc9041a6,5f85715d6594eef4cccac1ca87665dfd
controls,04_analysis_datasets/programs/sas/U_xpt_export.sas,True,3056,aba0ec0ee04dc7007ce27656a5374d53783c5e95f1f9796d7bc1e67c0f8db2cc,3f79df5ac039cc91d79ba4c098a74695
controls,04_analysis_datasets/programs/sas/_adam_labels.sas,True,9488,c7747b366395b72b573143734b20094914177f06b3a4988c5e317235d1201f52,432963a2fff301077e5463696823c5d8
controls,04_analysis_datasets/programs/r/config_study.R,True,5497,07462591c8d8b77f78471e751f97b4e630b3c5ccd1b64d048531930cfc637119,09c4b8e3ce470294d869b88ee1d7e1a0
controls,04_analysis_datasets/programs/r/adam_var_labels.csv,True,5851,cc79c11951ddc09eadb15ab07eb16e0561089827549a41b3984f169596a077d6,fbf9aa6993d81195d9b43a9a8616f121
controls,04_analysis_datasets/programs/r/spec_data_checks.R,True,4892,03caa390df5f2fc15c362c8e9289da818396352981e4b67895c326e28a928dcc,572ea07bdd830ab109d75fee834dc91a
controls,06_qc_evidence/reconciliation/cross_lang_audit.R,True,11590,043128037e7b5c3f4dd7affc71b951709745f83f2328add4d8b5fe8aee6ff27a,882067a3df57c2c16a30be69d1224834
controls,06_qc_evidence/reconciliation/results_reconcile.R,True,4561,5cd2d57384cd9e80290694043f73d5eb936ff33ba01a170a8c3fa384173a605e,7e3d83a0a0791cbdd3785581ff3868cb
controls,06_qc_evidence/reconciliation/forest_reconcile.R,True,7289,0fcb8794c2d828df20f4bb28b9084ed8df078e50f7a1f4b8bff965725f8e6c78,24a99d8a0b6b70ecb2ced011f7c99eb8
controls,platform/cibuild.py,True,74515,93cca9ea205b521f2e63b79c2142a5988d4a5a095bd66922ba25286a09e6dd97,454906487ddd723a3d29773183e2e522
controls,platform/check_log_cleanliness.py,True,12176,aa142cd255571679123b4872789cee6e7f8808a7a21982def89d6cdc8efd409b,db6c8e54e5e146af046fb8bbc843a9d2
controls,platform/package_ectd.py,True,22551,7f7da082bcb9a8a32bd83f5a37ef5eaa7da1e9b353595745a2321aa4b7addf58,4f523546c0049780835230566cf56c08
controls,platform/build_ectd_backbone.py,True,17855,ed4c79910c2ef992830705c03e669a16085ffd11c5c5f3d53b3f7fb2574b1e2d,36907854b03e35500d1c98b01b36493c
controls,platform/materialize_ectd.py,True,8165,12bf24505f94df0a2540852185acadcb9ceaa83fff9f0503c07ac9a6d32fa64b,4810235751856a2dd6ba873e65f82c72
controls,05_outputs/tfl/tfl_generation.R,True,55866,de5d2d626c8a469370081b0a5a3d522b3302ab4367f35125e44aa76e0768fb6c,731745e28499c90bdc4127365f2ba72e
controls,05_outputs/tfl/lab_shift_table.R,True,3520,64db4050bb7d91a51a409f781815a51b9e7238e06adb8d20058c29ea1d1832a9,c1b955835ef7b48437e3a3cbc9fe451b
controls,05_outputs/tfl/tfl_stats.R,True,1228,3468748e39084e33d3fbb7a7ee1b4cb67456214f640ccf2a18916432608913dd,fc8f4c5a1fbb4bb9f50c2be1a2522f66
inputs,01_source_data/real_sdtm/ae.sas7bdat,True,4988928,bf8ed0e3c22230e78bdf03e150c54e5ea59799f1fb48a8dae06d3be1ef1ffc51,842b2c18eeeb6db5fdc72d793c46ddce
inputs,01_source_data/real_sdtm/cd.sas7bdat,True,1187840,f24c3406c372d1bbcef6fd65bf044a1b3bee2d3f4a0a82b12cc5397451a84fac,fb8308c96a5201234fd9ead083f4a3a4
inputs,01_source_data/real_sdtm/cm.sas7bdat,True,25174016,564c8f6c535286afec062dba3971f2d3d66c6029b08d584818022d0009c9a016,7f5f4e996b16a1b2caa60fb6cc4293fa
inputs,01_source_data/real_sdtm/cx.sas7bdat,True,1056768,8f716f8a38ab84949cc3e6fc56ed51f89996b2be36d4d87739bfc03d5c5f4aea,bb2c6aff82d44f534e6fe14ab8bdaa53
inputs,01_source_data/real_sdtm/dm.sas7bdat,True,172032,eed428e81660f5c749adadfe9dc4da57d6d472309b2167b88bd3bf606a47a137,308314c698e4fd5408a2712a07e31ef1
inputs,01_source_data/real_sdtm/ds.sas7bdat,True,1900544,134c7c02ff85be781102f8e46f79860b018bbc8a77f22c87445df1a9ff3bd0e8,f5f61bdf45cc41a8d651860a16870243
inputs,01_source_data/real_sdtm/eg.sas7bdat,True,303104,fb4902eb0f5630755cde9b408bfcbff404df44f15a9254cee74129b4c55c8feb,eaf2a493b9536ef8d44fda2df33c39e1
inputs,01_source_data/real_sdtm/ex.sas7bdat,True,1646592,f7ff003c7bb519c10089b952ec1003eb52444cc85efcab475b29f1c73c48b4c9,b3d0322d9c7f6cba37b837a7f1715ef4
inputs,01_source_data/real_sdtm/ie.sas7bdat,True,40960,84164b9e9cb0c7fccdec3dab5ccaba8a03945e7df87e0a6bcae11e65d1a27d21,2fd1e2f8137274c49a1e7a398742f594
inputs,01_source_data/real_sdtm/lb.sas7bdat,True,41836544,7911c83a315aded6815128f07aa321bde421299dd285837e804536d1eddfca7b,f552bafb92ace19da4831b1b55569837
inputs,01_source_data/real_sdtm/ls.sas7bdat,True,3153920,63846c3010fa43c97c5b0e1f359743f03373d29961340dec064f151b309d302e,c72ce6e97d77d0f97d1eff9eb53a8851
inputs,01_source_data/real_sdtm/mh.sas7bdat,True,1671168,b4293dee88f5a11839a98395c8953834bf91d6eba91b6a53ba084965d7821bdb,35984c181f49b88c9924d72d76ec97c8
inputs,01_source_data/real_sdtm/pe.sas7bdat,True,1810432,5323828294bedc26a4fc1ae2b9007fa999140122de740d30fd3bb58a1b48389e,1539c6b907fd7744b404bd9a92a2a1f4
inputs,01_source_data/real_sdtm/pn.sas7bdat,True,11313152,bc48bb5d836ca0ea3caeffcc8b1896a37d4ee638b53688e0d07abd522584b8ba,69eb11517e05e03e5e15fe5ff45ac494
inputs,01_source_data/real_sdtm/pr.sas7bdat,True,90112,63897085a526b6e0847486b3179fa6c9ece7e5aa49141166819335cc1d3e04a4,be3d3899646a291e84760e62f573d48a
inputs,01_source_data/real_sdtm/sc.sas7bdat,True,24576,466f45faa7d425a12d60914ace89c00cb456bd3d8bcd68137196304a7c96b868,2fca797a585b2cee2bb525c8e488a005
inputs,01_source_data/real_sdtm/suppae.sas7bdat,True,21012480,e92af62a218ba8c211e4861ac3c002e9b4f4ec952c7d1baa24e20dbd6d4a1ec7,02574df27c9ec641008c90568edec4a5
inputs,01_source_data/real_sdtm/suppcm.sas7bdat,True,41787392,1243baf72cd0051f500b9759b2113313575ca989a795a49842b0c78d546353b3,d54e8efa4659cfd1cd3bcaf3444714b6
inputs,01_source_data/real_sdtm/suppdm.sas7bdat,True,1482752,51f375586c1c5dfb5c075ac057581ecd9c2ff12ac74732ab0228aa8c66f4fb0f,f669b7136ec0eaf235a426aa50fa68fe
inputs,01_source_data/real_sdtm/suppds.sas7bdat,True,434176,6af43abbecc19d63363d97dd86abbacbc49148049d57db4fdd289c6008dd05e8,960316dc033519035150f7506e45e372
inputs,01_source_data/real_sdtm/suppeg.sas7bdat,True,106496,bcf225c24282f8198d932dc6e0c32ff243985393ccd43a065d033abb89e01f97,d3f90b75e42a5dd6aaedd1082689548c
inputs,01_source_data/real_sdtm/suppex.sas7bdat,True,7020544,e851cc5fa830db191a96de655eccceddb385bbd9e5f8b48c9c388d0e21c68f35,f9056c5f82d059652b9bc71d4d926b14
inputs,01_source_data/real_sdtm/suppie.sas7bdat,True,40960,16c471983eef3ff854d519050dafd4814bd3a2747e74ec684f3004db4ad66b8b,c64b0efdcb42c2c4fb25b4c51868f793
inputs,01_source_data/real_sdtm/supplb.sas7bdat,True,31170560,0c09c9373101c25dab7453b9d32b80a1039a002d44559710cc10dcf97209c678,5cb79da0c7e585be06a05849bda596cb
inputs,01_source_data/real_sdtm/suppls.sas7bdat,True,2203648,1d5be48d6586628e3d9c150bb5bd5c31cb26aee0c9d2359f8d9568f7561f1a56,adb2fb77b767ee382cd7d4d5b58a90b4
inputs,01_source_data/real_sdtm/suppmh.sas7bdat,True,794624,0323785f465122468da9c428daf83e288710a70d43ac5179e1d896e729b7d822,d7ecbd9a0c90ba952a5e48b920b00612
inputs,01_source_data/real_sdtm/supppe.sas7bdat,True,466944,9156c102b3eb45984dc518cdd76d020a0caa01d72c725d921ffcee5cee65c291,96ee86ee2c898fd4d22787ba6f51e17c
inputs,01_source_data/real_sdtm/supppr.sas7bdat,True,73728,dc0eb3bdfcffc23359d4ba65b1299dbc1dfce0912aa9190ef30bc78fa4024d4b,a4e5046879c8614a0bcc6fdb1c6de551
inputs,01_source_data/real_sdtm/sv.sas7bdat,True,614400,86891202238232dbc98c166cb49db4de9c2596665306002ad658aa25f156e03c,bed9956108e37c859a9948a555b7dfc3
inputs,01_source_data/real_sdtm/te.sas7bdat,True,49152,96819007a93c40681caa97a1a3c5397d82ff66098a2611d1a76e531cb989eead,1973e7982b9ac1a412b56453d33b35f6
inputs,01_source_data/real_sdtm/ti.sas7bdat,True,32768,b14be28902e25d34b21f3257550d4fe11746a283aa64bb6cd285bb40b51af238,cf68a24840a195429b0ba89afc84aab0
inputs,01_source_data/real_sdtm/ts.sas7bdat,True,32768,21662448b90774e62fec4da1bccf42c25667e7ebe5cb6ef7cd76f0d2a3ac54f8,c2e997e35970cf0eda9f886d5a1e8d1d
inputs,01_source_data/real_sdtm/tv.sas7bdat,True,57344,b1dcadc914214e58e9d3a2ad35ffe2d83070934964cd6f1f3278155704192f41,679a60561fb5b62392065e551674fb58
inputs,01_source_data/real_sdtm/vs.sas7bdat,True,6103040,93ac09f1b40173862e9a9058e1411b46931cca6e2e6fd121c9330d51f6fed4de,3890a2d8d21805726adb9971c9f90559
inputs,01_source_data/cbzp_reconstructed/adae_cbzp.rds,True,24585,c5ec80de6317b2901d82e36fd89243ec267e16dd0953ca4de8f20cdd72e18cd0,3dc1e2e68032ee58889c589a4d6b8fed
inputs,01_source_data/cbzp_reconstructed/adex_cbzp.rds,True,11187,045d67f246fe6e3387a3600ac96b9588d6f59289d9fa7b5018e6a2efdc72d4b4,c04adbb44ab120cb63c335b06c177c36
inputs,01_source_data/cbzp_reconstructed/adlb_cbzp.rds,True,33511,9bc0b67d9f12359d064692a28a29b4403e0e4e5a378d29225968b846637cb34d,2f9df50b174064e70af813170db618ba
inputs,01_source_data/cbzp_reconstructed/adrs_cbzp.rds,True,20091,bd1c768d7adc37ad02393ed5afae5abcd0543129fcb811b21783bb059fcf2202,2e47887ee3f08834664563aebe795056
inputs,01_source_data/cbzp_reconstructed/adsl_cbzp.rds,True,15589,a6d71024a6e79a2d0f097c27714e228a35d5fa1b6ee21664552db7a340d503f8,b73d5bc4ab66ee15e976c8c7850b1f14
inputs,01_source_data/cbzp_reconstructed/adtte_cbzp.rds,True,17068,60c3d3279934bd82de244e150cf33096bbd29a1c88af982ef0ed04c207a1da1b,e9201476191d37e8bbddb463279a9b76
inputs,01_source_data/cbzp_reconstructed/adae_cbzp.xpt,True,291520,d10e7644917904af6d8489a8c9cdb9ec936217e9e51f286b93255bdb5f0d2f40,b8e9b48e671dee07ceec03af4833935a
inputs,01_source_data/cbzp_reconstructed/adex_cbzp.xpt,True,160080,e51ee4af5d45a9db86bcfc334054295a0ad5b25ff50b8451dcdfec69580a6e9c,f20f1a51686837e69ae7ce2527d93dca
inputs,01_source_data/cbzp_reconstructed/adlb_cbzp.xpt,True,475920,752d1866773a84906792d5098a004832c7699f43a044e4fd83357f725394044b,d011d6b94982b9f4433bd338037f0874
inputs,01_source_data/cbzp_reconstructed/adrs_cbzp.xpt,True,609680,641ab09b5059208ac3a60bdf458db03206982464623341950f7142f1468bea36,ed7b879ab9bc51ae779faf3e5e17ef20
inputs,01_source_data/cbzp_reconstructed/adsl_cbzp.xpt,True,100480,fa55b183f30d90138d6a4c1faaed9975f218411aa659909ea787b45faef60281,6697fab13e2a24d05e8efafe6beb7977
inputs,01_source_data/cbzp_reconstructed/adtte_cbzp.xpt,True,253040,ee958b49c6a862b99660f8af1481632981d5a9bb593a70d1c135b665b2cb0729,a731d5e0ef8d3640bb3a51f694a3f45c
inputs,.core_run/sdtm34/ae.xpt,True,2582720,1c6da31c7a4541b4fad9829bb8805eddfbd34d1bc51b9792a4560809c6e5769e,92338ade654983a9c9cf63a0a862f9dc
inputs,.core_run/sdtm34/cm.xpt,True,16785920,c8e726550bb8ff9ea5724a69a0cb2cc5fe1332ea4f97d8ae8df249226c3a4dac,a600ef1917e16af9b0b567d52f217d0c
inputs,.core_run/sdtm34/dm.xpt,True,60240,c502126a4833c0686cd1b63312dda4c3d3cd86db3e91100fb1f5a8974c1ffa16,f781397868f65a6772363d1122ee2578
inputs,.core_run/sdtm34/ds.xpt,True,829360,80025aa6bca8bc38adce4dc02b1a73cfd4334b851cb7b5e1da0610b610d7df31,65e193e916d1b3e0dbb0f58c70d9f51b
inputs,.core_run/sdtm34/ex.xpt,True,654880,c19e711c48abbf196962116ce3a1ea84691871b05a9b79ec884af85518e359bb,f16d8e51652c427d4b23ce1ab7863e3d
inputs,.core_run/sdtm34/lb.xpt,True,22948480,4a4a5540d6d691adf1198fc92788eb196adf138904e3ab14a27f391ef15b323d,c18f73eb439ca4c348618cf3c5af771e
inputs,.core_run/sdtm34/ls.xpt,True,1978560,c65a4d02d0e1bb682e938b635ec9718865641203bb76c0d8dcf027709201377f,d4ef5e44f4fdf30bba3e436917a260cc
inputs,.core_run/sdtm34/pn.xpt,True,5615600,87d18d264b62511791fe9df9a65fb8852589216d5e7603e66f8c3e34e5e70c80,269d867023a15b20abcb89e5284eb8ae
inputs,.core_run/sdtm34/suppae.xpt,True,11399200,3edb8a76ca0a26cbadc4d48fedbcf3f6a56a20535880336c2151063f83aebe87,14ba1ce080dd8af6df97727410e7bd41
inputs,.core_run/sdtm34/suppcm.xpt,True,25352320,6f7bee416f6a95e92f8132daf62924af223e133c57e73530c44681d474ed6531,7b10fa7444da511a1ab3e89ff7b06c1b
inputs,.core_run/sdtm34/suppdm.xpt,True,285840,f5366388f16b116ce8d2bd0822dbee318954ccd8f2bb6e6d4e3965d1e85167ae,4e8d3708ba1b311f0f56b919bd368e34
inputs,.core_run/sdtm34/suppds.xpt,True,469120,2f905c97daa3545732ac3a497d8c9c8ef50a7b769da9029d602aee6385982959,63654db64eda5ed0bdb2eaa5b2316afc
inputs,.core_run/sdtm34/suppex.xpt,True,5407200,79c4ea2646602af0d15e580a2a2cfc883e49f7d92abc6c0a18ffd46c3cb962e1,725453c26209b1d0b68c759ce8ef2c61
inputs,.core_run/sdtm34/supplb.xpt,True,7677200,fe884f21d5acdb830b78d3fb8694841b776471ec6d1ddb2b594b50400cf55c2c,cbac1abb8063124cf1eb8b771979a590
inputs,.core_run/sdtm34/suppls.xpt,True,967280,a280fa7471e8c458949c55207aabd69d6126c3ed19bf62a191b8129fa5e2100d,014095c260a94395526550269502b223
inputs,.core_run/sdtm34/ta.xpt,True,2400,e5d0d604319e94baf4a61ddac16167cc4d87eee907a58b312184eabb1f9d291b,dccec9977605b4e9ce9b31afb393e7cb
inputs,.core_run/sdtm34/ts.xpt,True,6640,b2431691d025f0779057790448808b30e643f538b7b8f0ce761e84da7239e172,b483d80561bbcfc155f826960d55f4c4
inputs,.core_run/sdtm34/vs.xpt,True,3074240,2156b45b2b64ed30167e8a5422c01720f7af4280ac26a72bff3d75a7681105c1,9cccf984a7a0c373f85839c984ab547c
programs,04_analysis_datasets/programs/sas/00_config.sas,True,4810,f599740d4505d62ff25ad5479a61ab952e19c8cc72e700cd7d2ec5ff34197030,a185b838e0ab3ef350d2badab8c2c53f
programs,04_analysis_datasets/programs/sas/00_config_generated.sas,True,2351,ea261e4b9551aa0da3d42312a90b09c31833f85aafd9e8326e749fb473de2bbb,ce4f0fc4022cf5de80f82b139cc2ed0d
programs,04_analysis_datasets/programs/sas/00_master_driver.sas,True,2588,f2d3e45d94c64e6d48f8c749c4ce67e5b54d1dc52b198235de2841c050fdab20,306fa2358eb5fc5745cadeba71b88f5b
programs,04_analysis_datasets/programs/sas/A_adae_io_respec.sas,True,7576,dc3692c39c17e1eef27208bc7cd8e6d2ac316e58f50df8ab4fa53c1b0fc171a8,b16927a8f09bab0e645ff4b4c5fd385f
programs,04_analysis_datasets/programs/sas/A_adcm_generation.sas,True,3470,643b0857bf0e663f19403080db451831ac5d498707f96fff016a3666c138513a,18cb5b8631a9953931f38284fb0e4c06
programs,04_analysis_datasets/programs/sas/A_adex_generation.sas,True,6722,b9632ff9055857dd7a4e9c62cff9378b29f3de1ff63c749f10d2f20b80c38d80,51b625f73439199880e6d33a9d8f3fae
programs,04_analysis_datasets/programs/sas/A_adlb_generation.sas,True,10001,9cbcc1fa6aab912a1be1b2ee28182d4adb6d1209830022fc4029bb2ba204f3d4,3f69ba59736d3a70154f14b2c4cb138f
programs,04_analysis_datasets/programs/sas/A_adrs_generation.sas,True,17278,d3c046c847122dddb1ed3e6d679440cf3c6d4a1faca15b72525b5b79a48037e6,81ac2e96ffdaebac6ac32b2111fdf319
programs,04_analysis_datasets/programs/sas/A_adsl_generation.sas,True,8719,6900e6ed11d26060697b5ab539866dfa9bf0280abbfb2f53b15346a5900b2726,e429cc7ab065cbb7cc017bb2f38fe9a8
programs,04_analysis_datasets/programs/sas/A_adtte_generation.sas,True,27869,d01dbb6298d0f33635aaca8c441926a8d83bff98cc0ba722dfe8f6329a68180a,2beedd286fea5646cdefc858d108b467
programs,04_analysis_datasets/programs/sas/B_bimo_generation.sas,True,4999,51b79df133b0ac9681cfd977aa5743bab1227641e9ddfc4426495dd5f4edfe43,d2dadf3af96080fc97cf24021bb425b9
programs,04_analysis_datasets/programs/sas/L_staging_ingest.sas,True,4498,208f6fe52e1ab3824407977c0a912b160ff854e1a5710f0da63042aba8cb3dad,e83bfaf76b268db28469fe2604db8b2e
programs,04_analysis_datasets/programs/sas/S_sdtm_mapping.sas,True,9830,3e163be7ad1922022c18c7bc6159b88c4caada5bf3d1bab4cb880e31797d02d2,cb288b854e876664cd99b4b0717d0b8f
programs,04_analysis_datasets/programs/sas/T_tfl_generation.sas,True,19783,3e21d1d2a440da0917eb2f7b456af758b92515d9cbf213c555542a622c160d7c,dde3b81075f5067c210fade4111485f0
programs,04_analysis_datasets/programs/sas/U_xpt_export.sas,True,3056,aba0ec0ee04dc7007ce27656a5374d53783c5e95f1f9796d7bc1e67c0f8db2cc,3f79df5ac039cc91d79ba4c098a74695
programs,04_analysis_datasets/programs/sas/_adam_labels.sas,True,9488,c7747b366395b72b573143734b20094914177f06b3a4988c5e317235d1201f52,432963a2fff301077e5463696823c5d8
programs,04_analysis_datasets/programs/sas/utilities/GIT_PUSH.sas,True,4129,0ff799f50dd49d720d5e2d849a90100472fe9cb7171f9c63cb4b398280942266,d3d108f857a4b6a2150dfcfc36e6db5e
programs,04_analysis_datasets/programs/sas/utilities/GIT_RESCUE.sas,True,7276,fe4c9a8507114003de76b2c0ba5643144eca8f28e405e9af310e803cf9e3e3a0,e67193309d7690e7bd34e970dec43f56
programs,04_analysis_datasets/programs/r/activate_renv.R,True,902,630c37d7627b52364bbf65fc33c696a3d89d501c0af2d002f6f60de93ce09dd1,bae4c53629876b70c43d5bb35d431267
programs,04_analysis_datasets/programs/r/admiral_adsl.R,True,4787,89d919a8dd9f60c593258d49d4a241e4f652642db5d7efddb34e7537b14c9fc1,98547749b7bdcfdde724dbd1eb354e2c
programs,04_analysis_datasets/programs/r/admiral_adtte.R,True,8450,d212c9cd8fdac92ccb6c2f6e286cbff6404de0c702be9bbce46f076599790094,1d0af8eb62d29f3a538fd90b8b6f488f
programs,04_analysis_datasets/programs/r/config_study.R,True,5497,07462591c8d8b77f78471e751f97b4e630b3c5ccd1b64d048531930cfc637119,09c4b8e3ce470294d869b88ee1d7e1a0
programs,04_analysis_datasets/programs/r/load_spec.R,True,1898,4cbb6a1a8ae43614f92e77d38660de28031ddf44fad06b44d1bbc0e55afb5347,6d5bca1cada09996fc752a065e3a52c7
programs,04_analysis_datasets/programs/r/spec_data_checks.R,True,4892,03caa390df5f2fc15c362c8e9289da818396352981e4b67895c326e28a928dcc,572ea07bdd830ab109d75fee834dc91a
programs,04_analysis_datasets/programs/r/v_adae_io_validation.R,True,8049,b3495aa87890187e17ada6e2216b7f24645ce90ece393763f13547cf70350491,afe00e2153f79f892b013eead1d2ec4f
programs,04_analysis_datasets/programs/r/v_adcm_validation.R,True,3074,4d7dcee70054b1368d7d13424ba3e216a32cea6edb3509bad27a42b379e7af6a,9a25c516eb030a0c3760c4f53eb4ad4b
programs,04_analysis_datasets/programs/r/v_adex_validation.R,True,6534,a07f840ece8877d44fa30ef035ba7d1c0077fd187f9295efbdbb9a44f8acd6bd,62f3eb56baeca60c46f4a3a6282b4def
programs,04_analysis_datasets/programs/r/v_adlb_validation.R,True,7144,227a1685636df7f8cc30f264c03de4d16169b3cbfafbc0f02b33094ec8f57629,365b9e01fe5d7486dd20ff167af164f5
programs,04_analysis_datasets/programs/r/v_adrs_validation.R,True,12467,77e59da7d75f2715c184b1cf316164c0a125b1fc4d16b329296943f727470c57,014f0d3c1106244e78872ba84fe9feb7
programs,04_analysis_datasets/programs/r/v_adsl_validation.R,True,7269,ffe200a8ce25a52f3060cfbfc7d631467735fa2da4d27545bdb19b7d46af06e9,1f6040acaf250ff8ae03a095dad7e2a3
programs,04_analysis_datasets/programs/r/v_adtte_validation.R,True,17818,6b5ae5e72637463d0a8cb7c1a3b4e8fe605d21c20fca7e42059510cdd5d70015,af7ff8e9c2274ac77858107b3965c43f
programs,04_analysis_datasets/programs/r/v_bimo_validation.R,True,4140,f49636ed718eb171ac83e2b7db6aa7ca9867f56f94e390d5187f7b86a78cf1cc,1ab1ccda10fc3715e8c898af305aaafd
programs,04_analysis_datasets/programs/r/v_sdtm_validation.R,True,4042,8a27e6008b29338ef2d5e6871d92679d3e20b2bc39f2a46a541ae516b45a42ab,37cfd93b38ed38daeaad3eb18f90d678
programs,04_analysis_datasets/programs/r/v_staging_ingest.R,True,2782,3d747255f407abf7a7e5d72ecced97020cdc719f2ae1b35fa5f7e2f6ec687231,d34d34efc22dec6aa48fd9702e7ed48b
programs,06_qc_evidence/reconciliation/admiral_reconcile.R,True,6087,86bdf25373dcabacd494f830306998323dbbd769a53bb7130c82e3d6bf892147,70731cd0084da60e6c963aa0fea09ff5
programs,06_qc_evidence/reconciliation/cross_lang_audit.R,True,11590,043128037e7b5c3f4dd7affc71b951709745f83f2328add4d8b5fe8aee6ff27a,882067a3df57c2c16a30be69d1224834
programs,06_qc_evidence/reconciliation/figure_data_reconcile.R,True,5460,744333a5c64f2ddae8b767f1e734f9f9c6803ed63b3d01d0c169aae13c541231,c150847f402be46c56caa1f0020b2d20
programs,06_qc_evidence/reconciliation/forest_reconcile.R,True,7289,0fcb8794c2d828df20f4bb28b9084ed8df078e50f7a1f4b8bff965725f8e6c78,24a99d8a0b6b70ecb2ced011f7c99eb8
programs,06_qc_evidence/reconciliation/results_reconcile.R,True,4561,5cd2d57384cd9e80290694043f73d5eb936ff33ba01a170a8c3fa384173a605e,7e3d83a0a0791cbdd3785581ff3868cb
programs,platform/_oda_render_tfl.py,True,12851,bf4afcd4313568b0f159f1ac32bd3ec13677784cf072cc54708813322fd1267d,ea261e063ba43f42a76c0cbae2a1fac2
programs,platform/adam_conf_parse_define.py,True,9711,f3c0cf346e40cdf13228adbbd03111a4630a8b4db71e905ccd9b9d788ef4af31,32986117db631a474dc21143ff1e8cfb
programs,platform/apply_metadata_lineage.py,True,15921,3aa50b2dcf662d52cf0a2bdf90195f685c5513c923db5b940d8e0ffc26488aea,65407cee4163df55fb31e221c205288a
programs,platform/build_ars.py,True,11742,fd0a7996c94d4e43045407363629f3f52f4c26217afc33e94efb8dcce6841955,e16bbcfcae30b74417990e9834e92c11
programs,platform/build_ctq_traceability_report.py,True,7772,dbec54662733b2c1d3a5dc60a1af97e5db07fe879d383572f28a2fc4bedc23d9,c82369dfe321e93aaec15cd833ac1928
programs,platform/build_delivery_controls.py,True,3868,336cf0a0a6eeeed950c8b880ae3d88100d1fef276d030cc7dec5d366110dd85d,61aa37ea34edd98a1bc0d7e420723daf
programs,platform/build_delivery_dashboard.py,True,9507,fffe807ae897c744f2322497a977649aa31be32e36e0e34daa7a3dd1e89be08b,83cfaaaac1985a3960e0515497cc921c
programs,platform/build_ectd_backbone.py,True,17855,ed4c79910c2ef992830705c03e669a16085ffd11c5c5f3d53b3f7fb2574b1e2d,36907854b03e35500d1c98b01b36493c
programs,platform/build_metadata_control_report.py,True,17484,a383bb5657a6ee8d3a75dd02007548c29dac808944c63c95d75e2a18617e896a,fc4023db73ac3bdcf6278234aefaf1e1
programs,platform/build_orchestrator_gate_map.py,True,11283,0dae8b4c5415dc28322c80c7e522a3af49be5bb5686444b6055293998dc7a8df,f5cbd7e8cfa5a1f2bb33312767e934e1
programs,platform/build_release_candidate_checklist.py,True,19294,0157c31d1dc5d49cc7ae5eb0b8830fcba82da8eace12e8a3debf25feae50aac0,24605f0e65b757a4b2a5ddfcf2ffe240
programs,platform/build_release_run_manifest.py,True,29914,56de116d513052ab2fa99751406ca3fa8a1322bb4ccc12ebd24353f5c1683310,0b1b5aed9ba522f4a7cffeef3d6c7532
programs,platform/build_source_profile.py,True,13054,ec5a4ec187c34b063e5ec463847a8939c4296264030f07c8b1470d77b17ea9c3,f5e1d699602ab38b23bc834f6ed430f1
programs,platform/build_tfl_output_index.py,True,29945,cc7a61cdfadd2bbdfd9b071ae5fb6158826881b64ebffbd4722c98ddb09cd150,35b07ee467779ae918b50f05855f9a49
programs,platform/build_usdm.py,True,12678,af770fb31d0357da450929c6fbba49d8309e59cbf904ba000643becedcce2ed3,4cb950afb7cc677bf2a432b0e5af7f0d
programs,platform/build_validation_strategy_report.py,True,10887,f0129aaa7d7675e075c93d7775e93388215cfb863df260b30fd6259ab9979136,9e9259a3a4563689838158938e12b36d
programs,platform/check_delivery_model.py,True,4600,672e82de1dca7e9cc229647644b18b6ecf3228ebb38ee55ed51d923c6a6b8db9,51290556d08f69c6c48bbefa4b799c52
programs,platform/check_evidence_layers.py,True,4596,ea25b3abc6eb1b169b6c873caf73e9ca50d709b38c7b411e2603c9ff639d6cd0,956688c08c55e21f294d438a21c217d0
programs,platform/check_log_cleanliness.py,True,12176,aa142cd255571679123b4872789cee6e7f8808a7a21982def89d6cdc8efd409b,db6c8e54e5e146af046fb8bbc843a9d2
programs,platform/check_renv_lock.py,True,3614,89d5716556d3847ac9bf81d005ac4576da8ff140d8ca28ef58aa478c4c41653d,764ba737f74cb525b6b6b21e79ce92ec
programs,platform/cibuild.py,True,74515,93cca9ea205b521f2e63b79c2142a5988d4a5a095bd66922ba25286a09e6dd97,454906487ddd723a3d29773183e2e522
programs,platform/ct_cross_validation.py,True,16522,a67ec1ab39feb87a4b561a97626480c379e5034c566798e2ee06f854d72903bf,64d06634e82e540c3b7aa85bc65a8d0a
programs,platform/date_precision_sensitivity.py,True,6544,a5f3fe060097b10a9cca277ea8080074a31c954d50e7d381f04a3be82d6c00a4,c3ad16d932e8a78eae48049480f34eb4
programs,platform/export_datasetjson.py,True,14554,1f04d1c7a181ebf2e01feecf852887afcbafb243730eae6fd91c05003fff466e,60ed2581fb2cb92a29f79227632566fa
programs,platform/generate_config.py,True,5875,3a47da397c5d5bc901bf7e1edae2d86cb5cf33054e2c3b2bf5ca6b2234b8352e,cc14f8693c5aa71756716c2a314c006e
programs,platform/lint_sas.py,True,8173,786bd2de1f23a5b6f596012bdaa21c8de181d9b2a629537d10f012942a5c5563,cdf9269d67b92e860e63a37e8ac48552
programs,platform/manifest.py,True,3357,45e3c9b220e3a2c3ade8a331231b6d11152ce45bf8d8bcc1d1ae9d0480ae28c0,5a8d6f45c4512267d0c5a2b0effd8abf
programs,platform/materialize_ectd.py,True,8165,12bf24505f94df0a2540852185acadcb9ceaa83fff9f0503c07ac9a6d32fa64b,4810235751856a2dd6ba873e65f82c72
programs,platform/oda_broker.py,True,27775,ba581728433d52b16062af773bf5499ea9a551bf6bdebe7eed9b7629a5acb345,b3f58a94e9832ead51b377ebb75ca2b3
programs,platform/package_ectd.py,True,22551,7f7da082bcb9a8a32bd83f5a37ef5eaa7da1e9b353595745a2321aa4b7addf58,4f523546c0049780835230566cf56c08
programs,platform/seed_sdtm.py,True,12962,c3056271410632568a18df0f1569a12832a26aea75279b9e2a01786a361c59bf,fbd63fedb4cc478b6c6910e8afb7d2e6
programs,platform/test_oda_broker.py,True,48621,ff898f045aee6e4c5e21d6523dfc0778de6267e0ba41dd64494866a75a7a2a88,6a4d1d81facc2a29ef6c36b866d90f8c
programs,platform/tte_utils.py,True,2918,0a34ab77a2d76d0c04df7d43e1151ee3f306bb5036cb414e661d29c1f199cca8,284b86dd9268d7fc1020ae2b3c439d1b
programs,platform/validate_core_rules.py,True,4134,ea092d872258f38cf4f4e338ad81d18964f193a490621b2d15e348cd3129fae5,c4271c71c5b994372d6c243529ed732c
programs,platform/verify_evidence.py,True,10140,e0bae38c78f669619912a9ba0d800bac16b729712e08fafbc0fb08d576b7158f,68e631d44d3d68319cd644d535377929
programs,platform/adam_conf_check.R,True,14466,ca26622e20b93f9595f5b485a2c89087ad553a2c3cde8ff2993919d708883a09,063175ed7a187690809c471721e91e33
programs,platform/gen_adam_labels.R,True,3957,7eb4358942ebbb235634136fca0576325c95538221c0b9dbb76e758186c1b5bf,ecfb09ab3eaf64d5c2ec6b314216c464
programs,platform/uplift_sdtm_34.R,True,18767,991a2ef83983897fef213072872ac5bba0dfeceab27e4adae273b727cc771844,d96e98bf6aeb1b480fa620bfc2f58b06
programs,03_metadata/define/remediate_sdtm_define.py,True,9378,b64dad95d023547d8db49ea12aae19977ee1a7865bbd3503a9220b57ba43db0b,fdd0a9d7f47b3f0e65167c834993c67b
programs,03_metadata/define/uplift_define_34.py,True,14357,93203d330c6323c6622773e64cfcf4758f039b2e084a6b1ea692cc8ecc974757,2b86f796e102e572b5ab15e3d00bd636
programs,03_metadata/define/validate_define.py,True,6359,fda500ca5bee7067260417652bc27e2ca9136e0f30b44c8e9cafbd52d95f757d,17de3a2358884e76fa4249d9ba45de58
programs,03_metadata/define/check_define_conformance.R,True,11886,6d06888513b35285009a06c1e866015525fe37cabda9c23722ff9faa37b4c4d2,93be7509300e6d5b620a36c0a68b5e6d
programs,05_outputs/tfl/lab_shift_table.R,True,3520,64db4050bb7d91a51a409f781815a51b9e7238e06adb8d20058c29ea1d1832a9,c1b955835ef7b48437e3a3cbc9fe451b
programs,05_outputs/tfl/tfl_generation.R,True,55866,de5d2d626c8a469370081b0a5a3d522b3302ab4367f35125e44aa76e0768fb6c,731745e28499c90bdc4127365f2ba72e
programs,05_outputs/tfl/tfl_stats.R,True,1228,3468748e39084e33d3fbb7a7ee1b4cb67456214f640ccf2a18916432608913dd,fc8f4c5a1fbb4bb9f50c2be1a2522f66
qc_files,platform/pipeline_health.json,True,3221,3f835fad5946b56b5903146207384192b4a75f6e3d0ee62d613572d4a1f594b1,a41e8aaf60dbd3bf5c3037a2ea905fdc
qc_files,platform/reconciliation_status.json,True,258,1a21196010844533509aabf2787e40b767e0ee5e4a74ad954b423e38838836cb,953ada8cff5731833ade7aca56a86169
qc_files,platform/results_reconciliation_status.json,True,292,4a7fd4b5f6294402c103a38c761bf7ba1c81fcca80b35e27adbdf7ca91c7e152,0faa296123622b3901a4e4bd5135b485
qc_files,platform/forest_reconciliation_status.json,True,552,4437966045a0f707885fa8073fded1cc5d54fcc345d0f91ad45e22217b609fd5,bea0ad381fcbc810ade41919bfb0c9fe
qc_files,platform/cbzp_bridge_status.json,True,265,f04bcdcd2e0128904371917d836d81f027360ff5884d7458f1b49209f154b1f4,b39130b0e1ef1d173cd449620355bf2f
qc_files,platform/conformance/spec_define_conformance.json,True,258,81e3888259a35f2e3981e27bb7e28cec5c25c76df535814da6fc213379d66f35,2770f1d8d7037be9752e0f8cc204e1dc
qc_files,platform/conformance/spec_data_conformance.json,True,2509,f25370143400095b70c8dc0765f29c894c1cc9de506b8e6ff17bcdf86a696045,6dcff81b913d25e93bc9070db6d1d98e
qc_files,platform/metadata_control/metadata_control_status.json,True,1099,126df5fa61ece89415f02741beb09cc76fb2b369af55000f20508d33caab9d55,df9fe90fa13ecbea02c404511d781485
qc_files,platform/log_cleanliness/log_cleanliness_status.json,True,24146,f0ab241c94c4cfb1cf50fcaf8d49f459c63ba7527acc2c6a9d984b263bd81694,267a4e79dadfd64ab305699665dc6de1
qc_files,platform/tfl_output_index_status.json,True,1021,cae2073d0107d25871f7e98fb8fbe679e3535d37baadf8a975220cb8e1c8e144,b6375eb81750c104b44192d874d4ae0e
qc_files,platform/validation_strategy/validation_strategy_status.json,True,22052,23e448fb59b18eedb799d61c8ddb8a72c1c162ed31de7e4f4189515baa58e7a2,1c21b8900458a08e28fc8387a1616691
tfl_outputs,05_outputs/tfl/output/tables/T-11-Efficacy_Tables.txt,True,3023,604d9d447b1ec148c19d3266ce3e36b8afeb70a04135f8788cf5c826e70c252c,be8f2f59f00c224cf369e107973a0b36
tfl_outputs,05_outputs/tfl/output/tables/T-17-Optimus_Tables.txt,True,1655,7c290565a964082d5ae40a31879725da904e540c98b6284464a0f8a0523fcfe2,c30bddf1accf71a0488df4406ee3b8ab
tfl_outputs,05_outputs/tfl/output/tables/T-20-AE_Summary_Tables.txt,True,2530,f37d6417825f58e95aaacf9d28bd5efcdf6ec9f4a5dd7c3c0c244baa52c98651,ab45796931716c43a9ee1902e53d60b6
tfl_outputs,05_outputs/tfl/output/tables/T-21-Lab_Shift_Tables.txt,True,2665,0aae63086e20c0d6905908542d979d5cebe3f89f0213ce3113a7ce56fe78ca92,362e47002adf4a889caf6c8cbe4db8cc
tfl_outputs,05_outputs/tfl/output/figures/F-01-1_CONSORT_Disposition.png,True,255424,bb6be311604e1ebf5f4c98c4fd6abeeb6177d149b7ba84d323f8442c35631b29,1a790e0e8e4e482493557b8c3952928c
tfl_outputs,05_outputs/tfl/output/figures/F-11-1_KM_OS.png,True,308939,18d41117d0187692c5d81a4c892794509cb75533a07f96d6c61ea5cd2b7e212e,d011d981ce848b8a42e5c79b133e9d0b
tfl_outputs,05_outputs/tfl/output/figures/F-11-2_KM_PFS.png,True,295848,a0c8bf8ec86ee5101af604a633376bdae5698d69e5b94f3c9cf2939675f4a3ae,0ce502d832bc2e61352e611e5378f86a
tfl_outputs,05_outputs/tfl/output/figures/F-12-1_Subgroup_Forest.png,True,418090,7a61cc2fcda86bcb1787f045597973d436972df1cc6ec3ae1a7ca0662682d0ab,21005d527158bf9d8ed0a560227c4b87
tfl_outputs,05_outputs/tfl/output/figures/F-13-1_PSA_Waterfall.png,True,274712,ba1a25947a9db79dd714d285237ce1f3f7befac412b1c7e9cf6545f3f1c1a79c,445a759f3017726a54240e40ab3b1304
tfl_outputs,05_outputs/tfl/output/figures/F-14-1_Swimmer_Plot.png,True,268297,0a4b230c0cc57b8f3762c1f8e5aaf8140779a525459b020885420ec1d24146b6,931b572633b7b7d08f874567f6a4b259
tfl_outputs,05_outputs/tfl/output/figures/F-17-1_Optimus_Scatter.png,True,647486,d579a8d94aff6ec9829c172f15d6f15a7b36327569ff00fcd9d0dcc8510978cc,94d97d72e8bd660494104f16c40f3d06
tfl_outputs,05_outputs/tfl/output/figures/sas/F-11-1_KM_OS_SAS.png,True,147717,7406c29293a13c35679a08b6bfc964aba0d61a73a76b8384e49705f4664d6d20,6e01de8364b710c5b94102d420bbefdf
tfl_outputs,05_outputs/tfl/output/figures/sas/F-11-2_KM_PFS_SAS.png,True,146482,2f848c65eb63aab245854c35e311096108af3ebda9fc19bb0d138c02f47bfe8b,c36998a3197d29ef62739cfbfb74d9e8
tfl_outputs,05_outputs/tfl/output/figures/sas/F-12-1_Subgroup_Forest_SAS.png,True,210794,bf1638c789be3a67eb792ee8c6fbab62244778c887eadd2c9c3d404fb303df1e,224890a91856ff1db27ea1ee6bb4d0c2
tfl_outputs,05_outputs/tfl/output/figures/sas/F-13-1_PSA_Waterfall_SAS.png,True,139515,b5d6404b20d52e22c914f16528f1b821fe76451131bcf3470ab73b009714a189,e8aac7f63b82185eb343727612ce99ac
tfl_outputs,05_outputs/tfl/output/figures/sas/F-14-1_Swimmer_Plot_SAS.png,True,113762,b45ab94962c6ada32fdf6c9c42d313d3d88840ec720965ec748f5026d18bee3b,2829e5ccbd5dbe4b5968ec00d786b808
tfl_outputs,05_outputs/tfl/output/figures/sas/F-17-1_Optimus_Scatter_SAS.png,True,306238,9dd9956ac9512af691e688767a8dae4bf056c5151b6ec9accaa3cbd1c0db1320,d87fde7d66a35b019498356be2a855d6
tfl_outputs,05_outputs/tfl/output/listings/.gitkeep,True,29,1d1b3fe0d6357fb8e696681ada801026c24dedf9bc5ed2c00ef5402266e27062,03d2adf7bca81c387fc4e56d8250b160
logs,04_analysis_datasets/programs/sas/oda_master_driver.log,True,240930,2545e773fa822ef20c325ed4cf31c30b2888ff16024f550c6afa860e103771ef,b9315f77bc475f97d1f61e801f822dec
logs,04_analysis_datasets/programs/r/v_adae_io_validation.log,True,8049,f3e898c97b055623fbda25059d85e23ba83d13d8ce1b7c97f8a6e3ec8dda8c2e,fcaaa3a18e9a9709913d98b9a507f9d0
logs,04_analysis_datasets/programs/r/v_adcm_validation.log,True,8013,5e5cadbd1af60e2ab95f5947743ff7cb424a19a54c23b992c0a46512ea1a2cac,cf906c14d4e2eb3789a46ca5f6e24658
logs,04_analysis_datasets/programs/r/v_adex_validation.log,True,8123,b7c7e0b9f0ad8b89779c9da73ca0909e90c8a646f814e49cc19a4820166a5b56,c36b60b0771338fbc285c09aca14b1cb
logs,04_analysis_datasets/programs/r/v_adlb_validation.log,True,8170,1d936f47b37da55e861c24e27020cefc8a2ccceb3f269568e3008c9b01f9f109,85fb09e35691013a63df60a5752acffe
logs,04_analysis_datasets/programs/r/v_adrs_validation.log,True,8111,6f99726a348d5ac073d7be7d3a124d281beb0303d53bed2d18c80eefb6d177c0,341833f48a5dc294bbf26d8fb2828145
logs,04_analysis_datasets/programs/r/v_adsl_validation.log,True,8080,53911e0a0e6348498f14a3607bbe9dfa37fd0093af32de7f9a12af3ba4477aa4,83f67a1bb1beddb74e5ac0f24e4f9f75
logs,04_analysis_datasets/programs/r/v_adtte_validation.log,True,8963,df7116181130b12ca4cb94e5d0eb15464935fbe8a0ba028bef3b542b775b958d,8ee09113ce4c06868ea4addf03413c27
logs,04_analysis_datasets/programs/r/v_bimo_validation.log,True,7536,7c14993e1b70fbb4c4f25aabbaa7b40228357683d287aad9b46fb2c13c4ad107,936eda59081335702faae9bd2a3d5d7c
logs,04_analysis_datasets/programs/r/v_sdtm_validation.log,True,8019,5e6a257e35940a7e9c59a681f307a310b189776f931cd859910d99054f0a7b84,567612394ecf5666e0a20b9b03235215
logs,04_analysis_datasets/programs/r/v_staging_ingest.log,True,8504,8c4c448b4b1e81be65bc3e10cda78ba093783a2042a56d5c0db7c1440208316e,5202a7461a53c6e9f595d3f6640f7c9a
logs,06_qc_evidence/reconciliation/cross_lang_audit.log,True,8580,3ed70f6ae45233a87d497f67f82676fe85f2a6df1ab633bce984268baea67a62,bc624f6a84b4d71621570ea75148b626
logs,06_qc_evidence/reconciliation/results_reconcile.log,True,8243,08474b71037aae7786e073e38a3b7fc227eb4deb5c5029668358689a3400cf5b,c3e94e75c4111ea5d214ca2b3197997c
package_files,08_submission_package/ectd/0000/index.xml,True,27282,4593fac268d0d07b26cb05522c4f2f444d37b34388f599c897cfd25dc37b7786,eb3e79a4cba4d7e3ef2ed890f12e26d5
package_files,08_submission_package/ectd/0000/index-md5.txt,True,33,8ef6fe9b1e1c5aa430e287f98e1d859522d470973aad5c5b7c2557efee191ca6,04342b0626d1136a67796fede3686d91
package_files,08_submission_package/ectd/0000/m1/us/us-regional.xml,True,1809,06ef087e389179cb425603fa6aea789799c49e58878fa4665b04f3ce39a5a745,ced809a3748e23e3498aaea604076248
package_files,08_submission_package/ectd/0000/m5/53-clin-stud-rep/535-rep-effic-safety-stud/mcrpc/5351-stud-rep-contr/tropic/stf-tropic.xml,True,13144,e51cb1b57c296534ac9d7e668c7f97a3dbe6dea0acb1cad974a9b74bd0f8fc8e,492ad96d279079e71ffc7c34b80b89cd
package_files,08_submission_package/ectd/0000/m5/datasets/tropic/analysis/adam/datasets/define.xml,True,102416,c360ff1ba4750110fd5b3eb23b9b3e93a9429139bde597ab1d2166eaf7079a27,611fca81cebf4b1444bccab669d287a4
package_files,08_submission_package/ectd/0000/m5/datasets/tropic/tabulations/sdtm/datasets/define.xml,True,88503,1612babd4a985d93204b9f286eea62359771adf7b0a482da8dc4b544cc9041a6,5f85715d6594eef4cccac1ca87665dfd
package_files,08_submission_package/ectd/0000/m5/53-clin-stud-rep/535-rep-effic-safety-stud/mcrpc/5351-stud-rep-contr/tropic/csr.pdf,True,11482,84c9b90406bb126ed0bc567cef84708b073929415c27fa69fb8d8fd03b825758,f3d3de4a94c925678c6f3630b662417c
package_files,08_submission_package/ectd/0000/m5/datasets/tropic/analysis/adam/adrg.pdf,True,29935,bfb431341e45252dcc062da9da71ff34d6c27593da6d13cbe9cc72e2ca06e887,f26d578dc5395cc19a83abf7ccf8d7cf
package_files,08_submission_package/ectd/0000/m5/datasets/tropic/bimo/datasets/bdrg.pdf,True,6172,b2292ffb377ad7ea5eec60abdec19a101b0295e506395dffa9660be521ebc497,603c3de8737c66161c888b2722611c9e
package_files,08_submission_package/ectd/0000/m5/datasets/tropic/tabulations/sdtm/blankcrf.pdf,True,3577369,8fea63476ece57b0eec4dab395e2ad4e7f63ddb4bc137a72919060b439c6a4fc,0616f5b75d7df476fd78b9005ecf9004
package_files,08_submission_package/ectd/0000/m5/datasets/tropic/tabulations/sdtm/sdrg.pdf,True,10757,ad955d5f12cd6700532ddf8eb9973a2c181a47651798d87e8ecb78dc0a2ae6e3,963488bba3225ec5aaffc70966b69aa9
package_files,08_submission_package/ectd/0000/m5/53-clin-stud-rep/535-rep-effic-safety-stud/mcrpc/5351-stud-rep-contr/tropic/tables/T-11-Efficacy_Tables.txt,True,3023,604d9d447b1ec148c19d3266ce3e36b8afeb70a04135f8788cf5c826e70c252c,be8f2f59f00c224cf369e107973a0b36
package_files,08_submission_package/ectd/0000/m5/53-clin-stud-rep/535-rep-effic-safety-stud/mcrpc/5351-stud-rep-contr/tropic/tables/T-17-Optimus_Tables.txt,True,1655,7c290565a964082d5ae40a31879725da904e540c98b6284464a0f8a0523fcfe2,c30bddf1accf71a0488df4406ee3b8ab
package_files,08_submission_package/ectd/0000/m5/53-clin-stud-rep/535-rep-effic-safety-stud/mcrpc/5351-stud-rep-contr/tropic/tables/T-20-AE_Summary_Tables.txt,True,2530,f37d6417825f58e95aaacf9d28bd5efcdf6ec9f4a5dd7c3c0c244baa52c98651,ab45796931716c43a9ee1902e53d60b6
package_files,08_submission_package/ectd/0000/m5/53-clin-stud-rep/535-rep-effic-safety-stud/mcrpc/5351-stud-rep-contr/tropic/tables/T-21-Lab_Shift_Tables.txt,True,2665,0aae63086e20c0d6905908542d979d5cebe3f89f0213ce3113a7ce56fe78ca92,362e47002adf4a889caf6c8cbe4db8cc
package_files,08_submission_package/ectd/0000/m5/53-clin-stud-rep/535-rep-effic-safety-stud/mcrpc/5351-stud-rep-contr/tropic/figures/F-01-1_CONSORT_Disposition.png,True,255424,bb6be311604e1ebf5f4c98c4fd6abeeb6177d149b7ba84d323f8442c35631b29,1a790e0e8e4e482493557b8c3952928c
package_files,08_submission_package/ectd/0000/m5/53-clin-stud-rep/535-rep-effic-safety-stud/mcrpc/5351-stud-rep-contr/tropic/figures/F-11-1_KM_OS.png,True,308939,18d41117d0187692c5d81a4c892794509cb75533a07f96d6c61ea5cd2b7e212e,d011d981ce848b8a42e5c79b133e9d0b
package_files,08_submission_package/ectd/0000/m5/53-clin-stud-rep/535-rep-effic-safety-stud/mcrpc/5351-stud-rep-contr/tropic/figures/F-11-2_KM_PFS.png,True,295848,a0c8bf8ec86ee5101af604a633376bdae5698d69e5b94f3c9cf2939675f4a3ae,0ce502d832bc2e61352e611e5378f86a
package_files,08_submission_package/ectd/0000/m5/53-clin-stud-rep/535-rep-effic-safety-stud/mcrpc/5351-stud-rep-contr/tropic/figures/F-12-1_Subgroup_Forest.png,True,418090,7a61cc2fcda86bcb1787f045597973d436972df1cc6ec3ae1a7ca0662682d0ab,21005d527158bf9d8ed0a560227c4b87
package_files,08_submission_package/ectd/0000/m5/53-clin-stud-rep/535-rep-effic-safety-stud/mcrpc/5351-stud-rep-contr/tropic/figures/F-13-1_PSA_Waterfall.png,True,274712,ba1a25947a9db79dd714d285237ce1f3f7befac412b1c7e9cf6545f3f1c1a79c,445a759f3017726a54240e40ab3b1304
package_files,08_submission_package/ectd/0000/m5/53-clin-stud-rep/535-rep-effic-safety-stud/mcrpc/5351-stud-rep-contr/tropic/figures/F-14-1_Swimmer_Plot.png,True,268297,0a4b230c0cc57b8f3762c1f8e5aaf8140779a525459b020885420ec1d24146b6,931b572633b7b7d08f874567f6a4b259
package_files,08_submission_package/ectd/0000/m5/53-clin-stud-rep/535-rep-effic-safety-stud/mcrpc/5351-stud-rep-contr/tropic/figures/F-17-1_Optimus_Scatter.png,True,647486,d579a8d94aff6ec9829c172f15d6f15a7b36327569ff00fcd9d0dcc8510978cc,94d97d72e8bd660494104f16c40f3d06
package_files,08_submission_package/ectd/0000/m5/53-clin-stud-rep/535-rep-effic-safety-stud/mcrpc/5351-stud-rep-contr/tropic/figures/sas/F-11-1_KM_OS_SAS.png,True,147717,7406c29293a13c35679a08b6bfc964aba0d61a73a76b8384e49705f4664d6d20,6e01de8364b710c5b94102d420bbefdf
package_files,08_submission_package/ectd/0000/m5/53-clin-stud-rep/535-rep-effic-safety-stud/mcrpc/5351-stud-rep-contr/tropic/figures/sas/F-11-2_KM_PFS_SAS.png,True,146482,2f848c65eb63aab245854c35e311096108af3ebda9fc19bb0d138c02f47bfe8b,c36998a3197d29ef62739cfbfb74d9e8
package_files,08_submission_package/ectd/0000/m5/53-clin-stud-rep/535-rep-effic-safety-stud/mcrpc/5351-stud-rep-contr/tropic/figures/sas/F-12-1_Subgroup_Forest_SAS.png,True,210794,bf1638c789be3a67eb792ee8c6fbab62244778c887eadd2c9c3d404fb303df1e,224890a91856ff1db27ea1ee6bb4d0c2
package_files,08_submission_package/ectd/0000/m5/53-clin-stud-rep/535-rep-effic-safety-stud/mcrpc/5351-stud-rep-contr/tropic/figures/sas/F-13-1_PSA_Waterfall_SAS.png,True,139515,b5d6404b20d52e22c914f16528f1b821fe76451131bcf3470ab73b009714a189,e8aac7f63b82185eb343727612ce99ac
package_files,08_submission_package/ectd/0000/m5/53-clin-stud-rep/535-rep-effic-safety-stud/mcrpc/5351-stud-rep-contr/tropic/figures/sas/F-14-1_Swimmer_Plot_SAS.png,True,113762,b45ab94962c6ada32fdf6c9c42d313d3d88840ec720965ec748f5026d18bee3b,2829e5ccbd5dbe4b5968ec00d786b808
package_files,08_submission_package/ectd/0000/m5/53-clin-stud-rep/535-rep-effic-safety-stud/mcrpc/5351-stud-rep-contr/tropic/figures/sas/F-17-1_Optimus_Scatter_SAS.png,True,306238,9dd9956ac9512af691e688767a8dae4bf056c5151b6ec9accaa3cbd1c0db1320,d87fde7d66a35b019498356be2a855d6
package_files,08_submission_package/ectd/0000/m5/datasets/tropic/analysis/adam/datasets/adae.xpt,True,3647040,feefbe24ab2b8ada0fbcc7558a22ab892b19c3fffb860385331f706fef735813,904f2e110c5c09a8cff597ed666a4b55
package_files,08_submission_package/ectd/0000/m5/datasets/tropic/analysis/adam/datasets/adcm.xpt,True,14159040,c093aee32c048d30b096795bba274cad1425d7b9ecc278fd6f07ab30a5196ba9,5c0702cd4c2f1c671e6640698a7485e9
package_files,08_submission_package/ectd/0000/m5/datasets/tropic/analysis/adam/datasets/adex.xpt,True,3892240,a4eca15fa5a8c10973c325fa38c96ca9cdcdaa965b74c82a600e1da1b15bb9a3,717cdca2457f3eba7ccd06a38a7577fb
package_files,08_submission_package/ectd/0000/m5/datasets/tropic/analysis/adam/datasets/adlb.xpt,True,32710080,79951e7bee80577410490a7ff9ed428c4045c72f23676d20a6dfc69ca1afc18c,24046922705d1158a832560509e125b5
package_files,08_submission_package/ectd/0000/m5/datasets/tropic/analysis/adam/datasets/adrs.xpt,True,1021120,1a3d854713672508b5243579650eb1534c4b8166a3768ef605fcca5701bf82d6,59946e567f7e1d6c6fb7732607c407c4
package_files,08_submission_package/ectd/0000/m5/datasets/tropic/analysis/adam/datasets/adsl.xpt,True,185840,3342b02404ccc9a647d378414511522dffe40271b249a698c546848a2e3a56b7,d9cfee91cdb096cc2e43ae99c8ad619e
package_files,08_submission_package/ectd/0000/m5/datasets/tropic/analysis/adam/datasets/adtte.xpt,True,921360,6a4e0ec52aa47b2ee56303141e947931f276b10eeb75d0bbefb01dddef74b199,2dbf1810c71cc23ae315bb36735cf2c1
package_files,08_submission_package/ectd/0000/m5/datasets/tropic/bimo/datasets/clinsite.xpt,True,10880,333b870152ae3bcea4c6fcfff6dd7158b06a6d97b48c066377c9f3df1aab05f5,ef3bc205ba75ba6c6ee4000150c36d6c
package_files,08_submission_package/ectd/0000/m5/datasets/tropic/tabulations/sdtm/datasets/ae.xpt,True,2582720,1c6da31c7a4541b4fad9829bb8805eddfbd34d1bc51b9792a4560809c6e5769e,92338ade654983a9c9cf63a0a862f9dc
package_files,08_submission_package/ectd/0000/m5/datasets/tropic/tabulations/sdtm/datasets/cm.xpt,True,16785920,c8e726550bb8ff9ea5724a69a0cb2cc5fe1332ea4f97d8ae8df249226c3a4dac,a600ef1917e16af9b0b567d52f217d0c
package_files,08_submission_package/ectd/0000/m5/datasets/tropic/tabulations/sdtm/datasets/dm.xpt,True,60240,c502126a4833c0686cd1b63312dda4c3d3cd86db3e91100fb1f5a8974c1ffa16,f781397868f65a6772363d1122ee2578
package_files,08_submission_package/ectd/0000/m5/datasets/tropic/tabulations/sdtm/datasets/ds.xpt,True,829360,80025aa6bca8bc38adce4dc02b1a73cfd4334b851cb7b5e1da0610b610d7df31,65e193e916d1b3e0dbb0f58c70d9f51b
package_files,08_submission_package/ectd/0000/m5/datasets/tropic/tabulations/sdtm/datasets/ex.xpt,True,654880,c19e711c48abbf196962116ce3a1ea84691871b05a9b79ec884af85518e359bb,f16d8e51652c427d4b23ce1ab7863e3d
package_files,08_submission_package/ectd/0000/m5/datasets/tropic/tabulations/sdtm/datasets/lb.xpt,True,22948480,4a4a5540d6d691adf1198fc92788eb196adf138904e3ab14a27f391ef15b323d,c18f73eb439ca4c348618cf3c5af771e
package_files,08_submission_package/ectd/0000/m5/datasets/tropic/tabulations/sdtm/datasets/ls.xpt,True,1978560,c65a4d02d0e1bb682e938b635ec9718865641203bb76c0d8dcf027709201377f,d4ef5e44f4fdf30bba3e436917a260cc
package_files,08_submission_package/ectd/0000/m5/datasets/tropic/tabulations/sdtm/datasets/pn.xpt,True,5615600,87d18d264b62511791fe9df9a65fb8852589216d5e7603e66f8c3e34e5e70c80,269d867023a15b20abcb89e5284eb8ae
package_files,08_submission_package/ectd/0000/m5/datasets/tropic/tabulations/sdtm/datasets/suppae.xpt,True,11399200,3edb8a76ca0a26cbadc4d48fedbcf3f6a56a20535880336c2151063f83aebe87,14ba1ce080dd8af6df97727410e7bd41
package_files,08_submission_package/ectd/0000/m5/datasets/tropic/tabulations/sdtm/datasets/suppcm.xpt,True,25352320,6f7bee416f6a95e92f8132daf62924af223e133c57e73530c44681d474ed6531,7b10fa7444da511a1ab3e89ff7b06c1b
package_files,08_submission_package/ectd/0000/m5/datasets/tropic/tabulations/sdtm/datasets/suppdm.xpt,True,285840,f5366388f16b116ce8d2bd0822dbee318954ccd8f2bb6e6d4e3965d1e85167ae,4e8d3708ba1b311f0f56b919bd368e34
package_files,08_submission_package/ectd/0000/m5/datasets/tropic/tabulations/sdtm/datasets/suppds.xpt,True,469120,2f905c97daa3545732ac3a497d8c9c8ef50a7b769da9029d602aee6385982959,63654db64eda5ed0bdb2eaa5b2316afc
package_files,08_submission_package/ectd/0000/m5/datasets/tropic/tabulations/sdtm/datasets/suppex.xpt,True,5407200,79c4ea2646602af0d15e580a2a2cfc883e49f7d92abc6c0a18ffd46c3cb962e1,725453c26209b1d0b68c759ce8ef2c61
package_files,08_submission_package/ectd/0000/m5/datasets/tropic/tabulations/sdtm/datasets/supplb.xpt,True,7677200,fe884f21d5acdb830b78d3fb8694841b776471ec6d1ddb2b594b50400cf55c2c,cbac1abb8063124cf1eb8b771979a590
package_files,08_submission_package/ectd/0000/m5/datasets/tropic/tabulations/sdtm/datasets/suppls.xpt,True,967280,a280fa7471e8c458949c55207aabd69d6126c3ed19bf62a191b8129fa5e2100d,014095c260a94395526550269502b223
package_files,08_submission_package/ectd/0000/m5/datasets/tropic/tabulations/sdtm/datasets/ta.xpt,True,2400,e5d0d604319e94baf4a61ddac16167cc4d87eee907a58b312184eabb1f9d291b,dccec9977605b4e9ce9b31afb393e7cb
package_files,08_submission_package/ectd/0000/m5/datasets/tropic/tabulations/sdtm/datasets/ts.xpt,True,6640,b2431691d025f0779057790448808b30e643f538b7b8f0ce761e84da7239e172,b483d80561bbcfc155f826960d55f4c4
package_files,08_submission_package/ectd/0000/m5/datasets/tropic/tabulations/sdtm/datasets/vs.xpt,True,3074240,2156b45b2b64ed30167e8a5422c01720f7af4280ac26a72bff3d75a7681105c1,9cccf984a7a0c373f85839c984ab547c
package_files,08_submission_package/m5/datasets/tropic/analysis/adam/datasets/define.xml,True,102416,c360ff1ba4750110fd5b3eb23b9b3e93a9429139bde597ab1d2166eaf7079a27,611fca81cebf4b1444bccab669d287a4
package_files,08_submission_package/m5/datasets/tropic/tabulations/sdtm/datasets/define.xml,True,88503,1612babd4a985d93204b9f286eea62359771adf7b0a482da8dc4b544cc9041a6,5f85715d6594eef4cccac1ca87665dfd
package_files,08_submission_package/m5/53-clin-stud-rep/535-rep-effic-safety-stud/mcrpc/5351-stud-rep-contr/tropic/csr.pdf,True,11482,84c9b90406bb126ed0bc567cef84708b073929415c27fa69fb8d8fd03b825758,f3d3de4a94c925678c6f3630b662417c
package_files,08_submission_package/m5/datasets/tropic/analysis/adam/adrg.pdf,True,29935,bfb431341e45252dcc062da9da71ff34d6c27593da6d13cbe9cc72e2ca06e887,f26d578dc5395cc19a83abf7ccf8d7cf
package_files,08_submission_package/m5/datasets/tropic/bimo/datasets/bdrg.pdf,True,6172,b2292ffb377ad7ea5eec60abdec19a101b0295e506395dffa9660be521ebc497,603c3de8737c66161c888b2722611c9e
package_files,08_submission_package/m5/datasets/tropic/tabulations/sdtm/blankcrf.pdf,True,3577369,8fea63476ece57b0eec4dab395e2ad4e7f63ddb4bc137a72919060b439c6a4fc,0616f5b75d7df476fd78b9005ecf9004
package_files,08_submission_package/m5/datasets/tropic/tabulations/sdtm/sdrg.pdf,True,10757,ad955d5f12cd6700532ddf8eb9973a2c181a47651798d87e8ecb78dc0a2ae6e3,963488bba3225ec5aaffc70966b69aa9
package_files,08_submission_package/m5/53-clin-stud-rep/535-rep-effic-safety-stud/mcrpc/5351-stud-rep-contr/tropic/tables/T-11-Efficacy_Tables.txt,True,3023,604d9d447b1ec148c19d3266ce3e36b8afeb70a04135f8788cf5c826e70c252c,be8f2f59f00c224cf369e107973a0b36
package_files,08_submission_package/m5/53-clin-stud-rep/535-rep-effic-safety-stud/mcrpc/5351-stud-rep-contr/tropic/tables/T-17-Optimus_Tables.txt,True,1655,7c290565a964082d5ae40a31879725da904e540c98b6284464a0f8a0523fcfe2,c30bddf1accf71a0488df4406ee3b8ab
package_files,08_submission_package/m5/53-clin-stud-rep/535-rep-effic-safety-stud/mcrpc/5351-stud-rep-contr/tropic/tables/T-20-AE_Summary_Tables.txt,True,2530,f37d6417825f58e95aaacf9d28bd5efcdf6ec9f4a5dd7c3c0c244baa52c98651,ab45796931716c43a9ee1902e53d60b6
package_files,08_submission_package/m5/53-clin-stud-rep/535-rep-effic-safety-stud/mcrpc/5351-stud-rep-contr/tropic/tables/T-21-Lab_Shift_Tables.txt,True,2665,0aae63086e20c0d6905908542d979d5cebe3f89f0213ce3113a7ce56fe78ca92,362e47002adf4a889caf6c8cbe4db8cc
package_files,08_submission_package/m5/53-clin-stud-rep/535-rep-effic-safety-stud/mcrpc/5351-stud-rep-contr/tropic/figures/F-01-1_CONSORT_Disposition.png,True,255424,bb6be311604e1ebf5f4c98c4fd6abeeb6177d149b7ba84d323f8442c35631b29,1a790e0e8e4e482493557b8c3952928c
package_files,08_submission_package/m5/53-clin-stud-rep/535-rep-effic-safety-stud/mcrpc/5351-stud-rep-contr/tropic/figures/F-11-1_KM_OS.png,True,308939,18d41117d0187692c5d81a4c892794509cb75533a07f96d6c61ea5cd2b7e212e,d011d981ce848b8a42e5c79b133e9d0b
package_files,08_submission_package/m5/53-clin-stud-rep/535-rep-effic-safety-stud/mcrpc/5351-stud-rep-contr/tropic/figures/F-11-2_KM_PFS.png,True,295848,a0c8bf8ec86ee5101af604a633376bdae5698d69e5b94f3c9cf2939675f4a3ae,0ce502d832bc2e61352e611e5378f86a
package_files,08_submission_package/m5/53-clin-stud-rep/535-rep-effic-safety-stud/mcrpc/5351-stud-rep-contr/tropic/figures/F-12-1_Subgroup_Forest.png,True,418090,7a61cc2fcda86bcb1787f045597973d436972df1cc6ec3ae1a7ca0662682d0ab,21005d527158bf9d8ed0a560227c4b87
package_files,08_submission_package/m5/53-clin-stud-rep/535-rep-effic-safety-stud/mcrpc/5351-stud-rep-contr/tropic/figures/F-13-1_PSA_Waterfall.png,True,274712,ba1a25947a9db79dd714d285237ce1f3f7befac412b1c7e9cf6545f3f1c1a79c,445a759f3017726a54240e40ab3b1304
package_files,08_submission_package/m5/53-clin-stud-rep/535-rep-effic-safety-stud/mcrpc/5351-stud-rep-contr/tropic/figures/F-14-1_Swimmer_Plot.png,True,268297,0a4b230c0cc57b8f3762c1f8e5aaf8140779a525459b020885420ec1d24146b6,931b572633b7b7d08f874567f6a4b259
package_files,08_submission_package/m5/53-clin-stud-rep/535-rep-effic-safety-stud/mcrpc/5351-stud-rep-contr/tropic/figures/F-17-1_Optimus_Scatter.png,True,647486,d579a8d94aff6ec9829c172f15d6f15a7b36327569ff00fcd9d0dcc8510978cc,94d97d72e8bd660494104f16c40f3d06
package_files,08_submission_package/m5/53-clin-stud-rep/535-rep-effic-safety-stud/mcrpc/5351-stud-rep-contr/tropic/figures/sas/F-11-1_KM_OS_SAS.png,True,147717,7406c29293a13c35679a08b6bfc964aba0d61a73a76b8384e49705f4664d6d20,6e01de8364b710c5b94102d420bbefdf
package_files,08_submission_package/m5/53-clin-stud-rep/535-rep-effic-safety-stud/mcrpc/5351-stud-rep-contr/tropic/figures/sas/F-11-2_KM_PFS_SAS.png,True,146482,2f848c65eb63aab245854c35e311096108af3ebda9fc19bb0d138c02f47bfe8b,c36998a3197d29ef62739cfbfb74d9e8
package_files,08_submission_package/m5/53-clin-stud-rep/535-rep-effic-safety-stud/mcrpc/5351-stud-rep-contr/tropic/figures/sas/F-12-1_Subgroup_Forest_SAS.png,True,210794,bf1638c789be3a67eb792ee8c6fbab62244778c887eadd2c9c3d404fb303df1e,224890a91856ff1db27ea1ee6bb4d0c2
package_files,08_submission_package/m5/53-clin-stud-rep/535-rep-effic-safety-stud/mcrpc/5351-stud-rep-contr/tropic/figures/sas/F-13-1_PSA_Waterfall_SAS.png,True,139515,b5d6404b20d52e22c914f16528f1b821fe76451131bcf3470ab73b009714a189,e8aac7f63b82185eb343727612ce99ac
package_files,08_submission_package/m5/53-clin-stud-rep/535-rep-effic-safety-stud/mcrpc/5351-stud-rep-contr/tropic/figures/sas/F-14-1_Swimmer_Plot_SAS.png,True,113762,b45ab94962c6ada32fdf6c9c42d313d3d88840ec720965ec748f5026d18bee3b,2829e5ccbd5dbe4b5968ec00d786b808
package_files,08_submission_package/m5/53-clin-stud-rep/535-rep-effic-safety-stud/mcrpc/5351-stud-rep-contr/tropic/figures/sas/F-17-1_Optimus_Scatter_SAS.png,True,306238,9dd9956ac9512af691e688767a8dae4bf056c5151b6ec9accaa3cbd1c0db1320,d87fde7d66a35b019498356be2a855d6
package_files,08_submission_package/m5/datasets/tropic/analysis/adam/datasets/adae.xpt,True,3647040,feefbe24ab2b8ada0fbcc7558a22ab892b19c3fffb860385331f706fef735813,904f2e110c5c09a8cff597ed666a4b55
package_files,08_submission_package/m5/datasets/tropic/analysis/adam/datasets/adcm.xpt,True,14159040,c093aee32c048d30b096795bba274cad1425d7b9ecc278fd6f07ab30a5196ba9,5c0702cd4c2f1c671e6640698a7485e9
package_files,08_submission_package/m5/datasets/tropic/analysis/adam/datasets/adex.xpt,True,3892240,a4eca15fa5a8c10973c325fa38c96ca9cdcdaa965b74c82a600e1da1b15bb9a3,717cdca2457f3eba7ccd06a38a7577fb
package_files,08_submission_package/m5/datasets/tropic/analysis/adam/datasets/adlb.xpt,True,32710080,79951e7bee80577410490a7ff9ed428c4045c72f23676d20a6dfc69ca1afc18c,24046922705d1158a832560509e125b5
package_files,08_submission_package/m5/datasets/tropic/analysis/adam/datasets/adrs.xpt,True,1021120,1a3d854713672508b5243579650eb1534c4b8166a3768ef605fcca5701bf82d6,59946e567f7e1d6c6fb7732607c407c4
package_files,08_submission_package/m5/datasets/tropic/analysis/adam/datasets/adsl.xpt,True,185840,3342b02404ccc9a647d378414511522dffe40271b249a698c546848a2e3a56b7,d9cfee91cdb096cc2e43ae99c8ad619e
package_files,08_submission_package/m5/datasets/tropic/analysis/adam/datasets/adtte.xpt,True,921360,6a4e0ec52aa47b2ee56303141e947931f276b10eeb75d0bbefb01dddef74b199,2dbf1810c71cc23ae315bb36735cf2c1
package_files,08_submission_package/m5/datasets/tropic/bimo/datasets/clinsite.xpt,True,10880,333b870152ae3bcea4c6fcfff6dd7158b06a6d97b48c066377c9f3df1aab05f5,ef3bc205ba75ba6c6ee4000150c36d6c
package_files,08_submission_package/m5/datasets/tropic/tabulations/sdtm/datasets/ae.xpt,True,2582720,1c6da31c7a4541b4fad9829bb8805eddfbd34d1bc51b9792a4560809c6e5769e,92338ade654983a9c9cf63a0a862f9dc
package_files,08_submission_package/m5/datasets/tropic/tabulations/sdtm/datasets/cm.xpt,True,16785920,c8e726550bb8ff9ea5724a69a0cb2cc5fe1332ea4f97d8ae8df249226c3a4dac,a600ef1917e16af9b0b567d52f217d0c
package_files,08_submission_package/m5/datasets/tropic/tabulations/sdtm/datasets/dm.xpt,True,60240,c502126a4833c0686cd1b63312dda4c3d3cd86db3e91100fb1f5a8974c1ffa16,f781397868f65a6772363d1122ee2578
package_files,08_submission_package/m5/datasets/tropic/tabulations/sdtm/datasets/ds.xpt,True,829360,80025aa6bca8bc38adce4dc02b1a73cfd4334b851cb7b5e1da0610b610d7df31,65e193e916d1b3e0dbb0f58c70d9f51b
package_files,08_submission_package/m5/datasets/tropic/tabulations/sdtm/datasets/ex.xpt,True,654880,c19e711c48abbf196962116ce3a1ea84691871b05a9b79ec884af85518e359bb,f16d8e51652c427d4b23ce1ab7863e3d
package_files,08_submission_package/m5/datasets/tropic/tabulations/sdtm/datasets/lb.xpt,True,22948480,4a4a5540d6d691adf1198fc92788eb196adf138904e3ab14a27f391ef15b323d,c18f73eb439ca4c348618cf3c5af771e
package_files,08_submission_package/m5/datasets/tropic/tabulations/sdtm/datasets/ls.xpt,True,1978560,c65a4d02d0e1bb682e938b635ec9718865641203bb76c0d8dcf027709201377f,d4ef5e44f4fdf30bba3e436917a260cc
package_files,08_submission_package/m5/datasets/tropic/tabulations/sdtm/datasets/pn.xpt,True,5615600,87d18d264b62511791fe9df9a65fb8852589216d5e7603e66f8c3e34e5e70c80,269d867023a15b20abcb89e5284eb8ae
package_files,08_submission_package/m5/datasets/tropic/tabulations/sdtm/datasets/suppae.xpt,True,11399200,3edb8a76ca0a26cbadc4d48fedbcf3f6a56a20535880336c2151063f83aebe87,14ba1ce080dd8af6df97727410e7bd41
package_files,08_submission_package/m5/datasets/tropic/tabulations/sdtm/datasets/suppcm.xpt,True,25352320,6f7bee416f6a95e92f8132daf62924af223e133c57e73530c44681d474ed6531,7b10fa7444da511a1ab3e89ff7b06c1b
package_files,08_submission_package/m5/datasets/tropic/tabulations/sdtm/datasets/suppdm.xpt,True,285840,f5366388f16b116ce8d2bd0822dbee318954ccd8f2bb6e6d4e3965d1e85167ae,4e8d3708ba1b311f0f56b919bd368e34
package_files,08_submission_package/m5/datasets/tropic/tabulations/sdtm/datasets/suppds.xpt,True,469120,2f905c97daa3545732ac3a497d8c9c8ef50a7b769da9029d602aee6385982959,63654db64eda5ed0bdb2eaa5b2316afc
package_files,08_submission_package/m5/datasets/tropic/tabulations/sdtm/datasets/suppex.xpt,True,5407200,79c4ea2646602af0d15e580a2a2cfc883e49f7d92abc6c0a18ffd46c3cb962e1,725453c26209b1d0b68c759ce8ef2c61
package_files,08_submission_package/m5/datasets/tropic/tabulations/sdtm/datasets/supplb.xpt,True,7677200,fe884f21d5acdb830b78d3fb8694841b776471ec6d1ddb2b594b50400cf55c2c,cbac1abb8063124cf1eb8b771979a590
package_files,08_submission_package/m5/datasets/tropic/tabulations/sdtm/datasets/suppls.xpt,True,967280,a280fa7471e8c458949c55207aabd69d6126c3ed19bf62a191b8129fa5e2100d,014095c260a94395526550269502b223
package_files,08_submission_package/m5/datasets/tropic/tabulations/sdtm/datasets/ta.xpt,True,2400,e5d0d604319e94baf4a61ddac16167cc4d87eee907a58b312184eabb1f9d291b,dccec9977605b4e9ce9b31afb393e7cb
package_files,08_submission_package/m5/datasets/tropic/tabulations/sdtm/datasets/ts.xpt,True,6640,b2431691d025f0779057790448808b30e643f538b7b8f0ce761e84da7239e172,b483d80561bbcfc155f826960d55f4c4
package_files,08_submission_package/m5/datasets/tropic/tabulations/sdtm/datasets/vs.xpt,True,3074240,2156b45b2b64ed30167e8a5422c01720f7af4280ac26a72bff3d75a7681105c1,9cccf984a7a0c373f85839c984ab547c
